Accession,Organism_Name,Collection_Date
NC_014373.1,Bundibugyo ebolavirus,2007-11
NC_006432.1,Sudan ebolavirus,
OQ348596.1,Zaire ebolavirus,2020-06-26
OQ348597.1,Zaire ebolavirus,2020-06-26
OQ348598.1,Zaire ebolavirus,2019-07-02
MT800930.1,Zaire ebolavirus,2019-12-24
MT583339.1,Zaire ebolavirus,1976
MT583340.1,Zaire ebolavirus,1976
MT583341.1,Zaire ebolavirus,1995
MT583342.1,Zaire ebolavirus,1995
MT583343.1,Bundibugyo ebolavirus,2007
MT583344.1,Bundibugyo ebolavirus,2007
MT583345.1,Sudan ebolavirus,2000
MT583346.1,Sudan ebolavirus,2000
MT583347.1,Sudan ebolavirus,2004
MT583348.1,Sudan ebolavirus,2004
MT742157.1,Bundibugyo ebolavirus,2012-09-09
MK952150.1,Sudan ebolavirus,1976-11-17
MK731985.1,Zaire ebolavirus,2018-08-13
MK731986.1,Zaire ebolavirus,2018-08-16
MK731987.1,Zaire ebolavirus,2018-08-11
MK731988.1,Zaire ebolavirus,2018-08-13
MK731989.1,Zaire ebolavirus,2018-08-16
MK731990.1,Zaire ebolavirus,2018-08-17
MK731992.1,Zaire ebolavirus,2018-08-20
MK731993.1,Zaire ebolavirus,2018-08-11
MK731994.1,Zaire ebolavirus,2018-08-14
MK088515.1,Zaire ebolavirus,2017-05-01
MK007329.1,Zaire ebolavirus,2018-07-27
MK007330.1,Zaire ebolavirus,2018-07-28
MK007331.1,Zaire ebolavirus,2018-08-12
MK007332.1,Zaire ebolavirus,2018-08-12
MK007333.1,Zaire ebolavirus,2018-08-12
MK007334.1,Zaire ebolavirus,2018-08-13
MK007335.1,Zaire ebolavirus,2018-08-13
MK007336.1,Zaire ebolavirus,2018-08-13
MK007337.1,Zaire ebolavirus,2018-08-14
MK007338.1,Zaire ebolavirus,2018-08-14
MK007339.1,Zaire ebolavirus,2018-08-14
MK007340.1,Zaire ebolavirus,2018-08-14
MK007341.1,Zaire ebolavirus,2018-08-14
MK007342.1,Zaire ebolavirus,2018-08-15
MK007343.1,Zaire ebolavirus,2018-08-15
MK007344.1,Zaire ebolavirus,2018-08-16
MH733477.1,Zaire ebolavirus,2018-05-10
MH733478.1,Zaire ebolavirus,2018-05-11
MH733479.1,Zaire ebolavirus,2018-05-15
MH733480.1,Zaire ebolavirus,2018-05-15
MH733481.1,Zaire ebolavirus,2018-05-17
MH733482.1,Zaire ebolavirus,2018-05-17
MH733483.1,Zaire ebolavirus,2018-05-18
MH733484.1,Zaire ebolavirus,2018-05-19
MH733485.1,Zaire ebolavirus,2018-05-19
MH733486.1,Zaire ebolavirus,2018-05-20
MH733487.1,Zaire ebolavirus,2018-05-19
MH733488.1,Zaire ebolavirus,2018-05-21
MH733489.1,Zaire ebolavirus,2018-05-22
MH733490.1,Zaire ebolavirus,2018-05-28
MH733491.1,Zaire ebolavirus,2018-06-06
MK028834.1,Bundibugyo ebolavirus,2007
MK028835.1,Bundibugyo ebolavirus,2007
MK028856.1,Bundibugyo ebolavirus,2007
MH613311.1,Zaire ebolavirus,2017-05
MH481611.2,Zaire ebolavirus,2017-05-07
MH121162.1,Sudan ebolavirus,1976
MH121163.1,Sudan ebolavirus,2000
MH121164.1,Zaire ebolavirus,1995
MH121165.1,Zaire ebolavirus,1995
MH121166.1,Zaire ebolavirus,1976
MH121168.1,Zaire ebolavirus,1976
MH121169.1,Sudan ebolavirus,2004
KT582109.1,Zaire ebolavirus,2011-07-24
KU182911.1,Bundibugyo ebolavirus,2007-11-14
KU182912.1,Sudan ebolavirus,2000-10-16
KR063670.1,Sudan ebolavirus,2000-10-01
KR063671.1,Ebola virus,1976-10-01
KR063672.1,Ebola virus,1995-04-01
KR063673.1,Bundibugyo ebolavirus,2007-10-01
KF113528.1,Zaire ebolavirus,2003
KF113529.1,Zaire ebolavirus,2003
KP271018.1,Zaire ebolavirus,2014-08-20
KP271020.1,Zaire ebolavirus,2014-08-20
KM519951.1,Zaire ebolavirus,2014
KC545389.1,Sudan ebolavirus,2012
KC545390.1,Sudan ebolavirus,2012
KC545391.1,Sudan ebolavirus,2012
KC545392.1,Sudan ebolavirus,2012
KC545393.1,Bundibugyo ebolavirus,2012
KC545394.1,Bundibugyo ebolavirus,2012
KC545395.1,Bundibugyo ebolavirus,2012
KC545396.1,Bundibugyo ebolavirus,2012
KC589025.1,Sudan ebolavirus,2012
KC242783.2,Sudan ebolavirus,1979
KC242784.1,Zaire ebolavirus,2007
KC242785.1,Zaire ebolavirus,2007
KC242786.1,Zaire ebolavirus,2007
KC242787.1,Zaire ebolavirus,2007
KC242788.1,Zaire ebolavirus,2007
KC242789.1,Zaire ebolavirus,2007
KC242790.1,Zaire ebolavirus,2007
KC242791.1,Zaire ebolavirus,1977
KC242796.1,Zaire ebolavirus,1995
KC242799.1,Zaire ebolavirus,1995
KC242801.1,Zaire ebolavirus,1976
JN638998.1,Sudan ebolavirus - Nakisamata,2011-05
HQ613402.1,Zaire ebolavirus,2008-12-31
HQ613403.1,Zaire ebolavirus,2007-08-31
FJ217161.1,Bundibugyo ebolavirus,2007-11
EU338380.1,Sudan ebolavirus,2004
AY729654.1,Sudan ebolavirus,
